<?xml version='1.0' encoding='UTF-8' standalone='no'?>
<doxygen xmlns:xsi="http://www.w3.org/2001/XMLSchema-instance" xsi:noNamespaceSchemaLocation="compound.xsd" version="1.8.12">
  <compounddef id="dir_ce7b00f2dbf4b7b89207e83b2ab599f6" kind="dir">
    <compoundname>C:/Users/habat/Desktop/Snippets_and_Devs_Engine_1.1</compoundname>
    <innerdir refid="dir_da3cc0aa1ab86b4535d1d7d4ca86c627">C:/Users/habat/Desktop/Snippets_and_Devs_Engine_1.1/Runtime</innerdir>
    <briefdescription>
    </briefdescription>
    <detaileddescription>
    </detaileddescription>
    <location file="C:/Users/habat/Desktop/Snippets_and_Devs_Engine_1.1/"/>
  </compounddef>
</doxygen>
