<?xml version='1.0' encoding='UTF-8' standalone='no'?>
<doxygen xmlns:xsi="http://www.w3.org/2001/XMLSchema-instance" xsi:noNamespaceSchemaLocation="compound.xsd" version="1.8.12">
  <compounddef id="dir_da3cc0aa1ab86b4535d1d7d4ca86c627" kind="dir">
    <compoundname>C:/Users/habat/Desktop/Snippets_and_Devs_Engine_1.1/Runtime</compoundname>
    <innerdir refid="dir_4603562ad4d2e911c4971a70dd0e8836">C:/Users/habat/Desktop/Snippets_and_Devs_Engine_1.1/Runtime/Python</innerdir>
    <briefdescription>
    </briefdescription>
    <detaileddescription>
    </detaileddescription>
    <location file="C:/Users/habat/Desktop/Snippets_and_Devs_Engine_1.1/Runtime/"/>
  </compounddef>
</doxygen>
