<?xml version='1.0' encoding='UTF-8' standalone='no'?>
<doxygen xmlns:xsi="http://www.w3.org/2001/XMLSchema-instance" xsi:noNamespaceSchemaLocation="compound.xsd" version="1.8.12">
  <compounddef id="dir_c6292bf0f8e38264077a99f20f547114" kind="dir">
    <compoundname>C:/Users/habat/Desktop/Snippets_and_Devs_Engine_1.1/Runtime/Python/poserScripts/ScriptsMenu</compoundname>
    <innerfile refid="d5/dc1/proccommand-_dictionary_8py">proccommand-Dictionary.py</innerfile>
    <briefdescription>
    </briefdescription>
    <detaileddescription>
    </detaileddescription>
    <location file="C:/Users/habat/Desktop/Snippets_and_Devs_Engine_1.1/Runtime/Python/poserScripts/ScriptsMenu/"/>
  </compounddef>
</doxygen>
