<?xml version='1.0' encoding='UTF-8' standalone='no'?>
<doxygenindex xmlns:xsi="http://www.w3.org/2001/XMLSchema-instance" xsi:noNamespaceSchemaLocation="index.xsd" version="1.8.12">
  <compound refid="dd/d29/namespaceproccommand-_dictionary" kind="namespace"><name>proccommand-Dictionary</name>
    <member refid="dd/d29/namespaceproccommand-_dictionary_aece65c9494f84cfceaf074c48375e9d0_1aece65c9494f84cfceaf074c48375e9d0" kind="variable"><name>scene</name></member>
    <member refid="dd/d29/namespaceproccommand-_dictionary_afb3bebe633e4fcf207ad7ccc6f167908_1afb3bebe633e4fcf207ad7ccc6f167908" kind="variable"><name>fileMenu</name></member>
    <member refid="dd/d29/namespaceproccommand-_dictionary_a627b78c436991015048c6aa2ebacdbe3_1a627b78c436991015048c6aa2ebacdbe3" kind="variable"><name>importMenu</name></member>
    <member refid="dd/d29/namespaceproccommand-_dictionary_aee30fcbdaf86009c6b38d68333a83b88_1aee30fcbdaf86009c6b38d68333a83b88" kind="variable"><name>exportMenu</name></member>
    <member refid="dd/d29/namespaceproccommand-_dictionary_a78ef5de4d607cdcf5f42b1e8c73c70bc_1a78ef5de4d607cdcf5f42b1e8c73c70bc" kind="variable"><name>editMenu</name></member>
    <member refid="dd/d29/namespaceproccommand-_dictionary_aa6c71d0bf3e0b10185a2881760ad06d1_1aa6c71d0bf3e0b10185a2881760ad06d1" kind="variable"><name>restoreMenu</name></member>
    <member refid="dd/d29/namespaceproccommand-_dictionary_a2e9f80f289e1d68d20305be67d85e20d_1a2e9f80f289e1d68d20305be67d85e20d" kind="variable"><name>memorizeMenu</name></member>
    <member refid="dd/d29/namespaceproccommand-_dictionary_a0388c27bb04561310b7566e9fe62ae27_1a0388c27bb04561310b7566e9fe62ae27" kind="variable"><name>figureMenu</name></member>
    <member refid="dd/d29/namespaceproccommand-_dictionary_a5b176f6991aec685f5532dc5817d3d3b_1a5b176f6991aec685f5532dc5817d3d3b" kind="variable"><name>mirrorMenu</name></member>
    <member refid="dd/d29/namespaceproccommand-_dictionary_a7123890469ebbddd582044f4d17a7ab8_1a7123890469ebbddd582044f4d17a7ab8" kind="variable"><name>displayMenu</name></member>
    <member refid="dd/d29/namespaceproccommand-_dictionary_a7f0b873ed4cb39cf62b04aaa7c5ebd30_1a7f0b873ed4cb39cf62b04aaa7c5ebd30" kind="variable"><name>objectMenu</name></member>
    <member refid="dd/d29/namespaceproccommand-_dictionary_ac6921ea6e99e19addcc146b8343a55e1_1ac6921ea6e99e19addcc146b8343a55e1" kind="variable"><name>lightMenu</name></member>
    <member refid="dd/d29/namespaceproccommand-_dictionary_af13db3fdc9fee4f524554e6d2fcbdadc_1af13db3fdc9fee4f524554e6d2fcbdadc" kind="variable"><name>cameraMenu</name></member>
    <member refid="dd/d29/namespaceproccommand-_dictionary_aa58591e3e87470b489604ba4f2b733f2_1aa58591e3e87470b489604ba4f2b733f2" kind="variable"><name>viewMenu</name></member>
    <member refid="dd/d29/namespaceproccommand-_dictionary_a82de39646e40d9befa2fc1e1fccda00f_1a82de39646e40d9befa2fc1e1fccda00f" kind="variable"><name>layoutMenu</name></member>
    <member refid="dd/d29/namespaceproccommand-_dictionary_a7944dcdc08eb454e2a633b65f0173c66_1a7944dcdc08eb454e2a633b65f0173c66" kind="variable"><name>documentStyle</name></member>
    <member refid="dd/d29/namespaceproccommand-_dictionary_a530e84ceb00c3ab452d949960ccb1217_1a530e84ceb00c3ab452d949960ccb1217" kind="variable"><name>objectStyle</name></member>
    <member refid="dd/d29/namespaceproccommand-_dictionary_a00604f7296cc98b389af5b98f2e9a196_1a00604f7296cc98b389af5b98f2e9a196" kind="variable"><name>trackingMenu</name></member>
    <member refid="dd/d29/namespaceproccommand-_dictionary_a502a7599735f22306a3c49b77119aafa_1a502a7599735f22306a3c49b77119aafa" kind="variable"><name>deformersMenu</name></member>
    <member refid="dd/d29/namespaceproccommand-_dictionary_ace61bfe17b1cab9365a6b367675b4e72_1ace61bfe17b1cab9365a6b367675b4e72" kind="variable"><name>guidesMenu</name></member>
    <member refid="dd/d29/namespaceproccommand-_dictionary_a0dc4448509cde22a53447a77544f0e05_1a0dc4448509cde22a53447a77544f0e05" kind="variable"><name>previewMenu</name></member>
    <member refid="dd/d29/namespaceproccommand-_dictionary_a7c37a6dfe558c7e65551eb59fb233ef5_1a7c37a6dfe558c7e65551eb59fb233ef5" kind="variable"><name>cartoontonesMenu</name></member>
    <member refid="dd/d29/namespaceproccommand-_dictionary_abd2339ad88677e198ea422bc816e508b_1abd2339ad88677e198ea422bc816e508b" kind="variable"><name>renderMenu</name></member>
    <member refid="dd/d29/namespaceproccommand-_dictionary_a2da7ab9a0d96b5e5f482cd7553dd28f4_1a2da7ab9a0d96b5e5f482cd7553dd28f4" kind="variable"><name>dynamicsMenu</name></member>
    <member refid="dd/d29/namespaceproccommand-_dictionary_a7a51e3f4df34c2a743ef34ece31fa4f9_1a7a51e3f4df34c2a743ef34ece31fa4f9" kind="variable"><name>animationMenu</name></member>
    <member refid="dd/d29/namespaceproccommand-_dictionary_a48a99d86f47e7432722036b5657140b5_1a48a99d86f47e7432722036b5657140b5" kind="variable"><name>windowMenu</name></member>
    <member refid="dd/d29/namespaceproccommand-_dictionary_aa42dc44b368b068ad0393054b066eff0_1aa42dc44b368b068ad0393054b066eff0" kind="variable"><name>materialroomMenu</name></member>
    <member refid="dd/d29/namespaceproccommand-_dictionary_a780861dba18497123e5ab2e7b5b2b19a_1a780861dba18497123e5ab2e7b5b2b19a" kind="variable"><name>faceroomMenu</name></member>
    <member refid="dd/d29/namespaceproccommand-_dictionary_a9ca65bcc4f8e114998453d63950e6cfa_1a9ca65bcc4f8e114998453d63950e6cfa" kind="variable"><name>hairRoomMenu</name></member>
    <member refid="dd/d29/namespaceproccommand-_dictionary_a19d5d3d1dbfc2ae6ca3f5786f0d25a43_1a19d5d3d1dbfc2ae6ca3f5786f0d25a43" kind="variable"><name>clothroomMenu</name></member>
    <member refid="dd/d29/namespaceproccommand-_dictionary_a4a99d11872485c94d7e53e8efce25ca6_1a4a99d11872485c94d7e53e8efce25ca6" kind="variable"><name>scriptsMenu</name></member>
  </compound>
  <compound refid="d5/dc1/proccommand-_dictionary_8py" kind="file"><name>proccommand-Dictionary.py</name>
  </compound>
  <compound refid="dir_3f8b1ca787d603ecaf2bd81c242a8ec3" kind="dir"><name>C:/Users/habat/Desktop/Snippets_and_Devs_Engine_1.1/Runtime/Python/poserScripts</name>
  </compound>
  <compound refid="dir_4603562ad4d2e911c4971a70dd0e8836" kind="dir"><name>C:/Users/habat/Desktop/Snippets_and_Devs_Engine_1.1/Runtime/Python</name>
  </compound>
  <compound refid="dir_da3cc0aa1ab86b4535d1d7d4ca86c627" kind="dir"><name>C:/Users/habat/Desktop/Snippets_and_Devs_Engine_1.1/Runtime</name>
  </compound>
  <compound refid="dir_c6292bf0f8e38264077a99f20f547114" kind="dir"><name>C:/Users/habat/Desktop/Snippets_and_Devs_Engine_1.1/Runtime/Python/poserScripts/ScriptsMenu</name>
  </compound>
  <compound refid="dir_ce7b00f2dbf4b7b89207e83b2ab599f6" kind="dir"><name>C:/Users/habat/Desktop/Snippets_and_Devs_Engine_1.1</name>
  </compound>
</doxygenindex>
