<?xml version='1.0' encoding='UTF-8' standalone='no'?>
<doxygen xmlns:xsi="http://www.w3.org/2001/XMLSchema-instance" xsi:noNamespaceSchemaLocation="compound.xsd" version="1.8.12">
  <compounddef id="dd/d29/namespaceproccommand-_dictionary" kind="namespace" language="Python">
    <compoundname>proccommand-Dictionary</compoundname>
      <sectiondef kind="var">
      <memberdef kind="variable" id="dd/d29/namespaceproccommand-_dictionary_aece65c9494f84cfceaf074c48375e9d0_1aece65c9494f84cfceaf074c48375e9d0" prot="public" static="no" mutable="no">
        <type></type>
        <definition>proccommand-Dictionary.scene</definition>
        <argsstring></argsstring>
        <name>scene</name>
        <initializer>= poser.Scene()</initializer>
        <briefdescription>
        </briefdescription>
        <detaileddescription>
        </detaileddescription>
        <inbodydescription>
        </inbodydescription>
        <location file="C:/Users/habat/Desktop/Snippets_and_Devs_Engine_1.1/Runtime/Python/poserScripts/ScriptsMenu/proccommand-Dictionary.py" line="3" column="1" bodyfile="C:/Users/habat/Desktop/Snippets_and_Devs_Engine_1.1/Runtime/Python/poserScripts/ScriptsMenu/proccommand-Dictionary.py" bodystart="3" bodyend="-1"/>
      </memberdef>
      <memberdef kind="variable" id="dd/d29/namespaceproccommand-_dictionary_afb3bebe633e4fcf207ad7ccc6f167908_1afb3bebe633e4fcf207ad7ccc6f167908" prot="public" static="no" mutable="no">
        <type>dictionary</type>
        <definition>dictionary proccommand-Dictionary.fileMenu</definition>
        <argsstring></argsstring>
        <name>fileMenu</name>
        <initializer>= {	&apos;Exit&apos;							:	1		,
					&apos;New&apos;							:	2		,
					&apos;Open&apos;							:	3		,
					&apos;Close&apos;							:	4		,
					&apos;Save&apos;							:	5		,
					&apos;Save As&apos;						:	6		,
					&apos;Revert&apos;						:	7		,
					&apos;Page Setup&apos;					:	8		,
					&apos;Print&apos;							:	9		}</initializer>
        <briefdescription>
        </briefdescription>
        <detaileddescription>
        </detaileddescription>
        <inbodydescription>
        </inbodydescription>
        <location file="C:/Users/habat/Desktop/Snippets_and_Devs_Engine_1.1/Runtime/Python/poserScripts/ScriptsMenu/proccommand-Dictionary.py" line="5" column="1" bodyfile="C:/Users/habat/Desktop/Snippets_and_Devs_Engine_1.1/Runtime/Python/poserScripts/ScriptsMenu/proccommand-Dictionary.py" bodystart="5" bodyend="-1"/>
      </memberdef>
      <memberdef kind="variable" id="dd/d29/namespaceproccommand-_dictionary_a627b78c436991015048c6aa2ebacdbe3_1a627b78c436991015048c6aa2ebacdbe3" prot="public" static="no" mutable="no">
        <type>dictionary</type>
        <definition>dictionary proccommand-Dictionary.importMenu</definition>
        <argsstring></argsstring>
        <name>importMenu</name>
        <initializer>= {	&apos;Import Background Image&apos;		:	1115	,
					&apos;Import Poser Documnet Prop&apos;	:	1131	,
					&apos;Import Video&apos;					:	1363	,
					&apos;Import BVH Motion&apos;				:	1383	,
					&apos;Import PHI&apos;					:	1389	, #Convert Hier File
					&apos;Import Sound&apos;					:	1401	,
					&apos;Run Python Script&apos;				:	1506	,
					&apos;Import LipSync&apos;				:	1567	}</initializer>
        <briefdescription>
        </briefdescription>
        <detaileddescription>
        </detaileddescription>
        <inbodydescription>
        </inbodydescription>
        <location file="C:/Users/habat/Desktop/Snippets_and_Devs_Engine_1.1/Runtime/Python/poserScripts/ScriptsMenu/proccommand-Dictionary.py" line="15" column="1" bodyfile="C:/Users/habat/Desktop/Snippets_and_Devs_Engine_1.1/Runtime/Python/poserScripts/ScriptsMenu/proccommand-Dictionary.py" bodystart="15" bodyend="-1"/>
      </memberdef>
      <memberdef kind="variable" id="dd/d29/namespaceproccommand-_dictionary_aee30fcbdaf86009c6b38d68333a83b88_1aee30fcbdaf86009c6b38d68333a83b88" prot="public" static="no" mutable="no">
        <type>dictionary</type>
        <definition>dictionary proccommand-Dictionary.exportMenu</definition>
        <argsstring></argsstring>
        <name>exportMenu</name>
        <initializer>= {	&apos;Export RIB&apos;					:	1158	,
					&apos;Export Image&apos;					:	1192	,
					&apos;Export BVH Motion&apos;				:	1403	}</initializer>
        <briefdescription>
        </briefdescription>
        <detaileddescription>
        </detaileddescription>
        <inbodydescription>
        </inbodydescription>
        <location file="C:/Users/habat/Desktop/Snippets_and_Devs_Engine_1.1/Runtime/Python/poserScripts/ScriptsMenu/proccommand-Dictionary.py" line="24" column="1" bodyfile="C:/Users/habat/Desktop/Snippets_and_Devs_Engine_1.1/Runtime/Python/poserScripts/ScriptsMenu/proccommand-Dictionary.py" bodystart="24" bodyend="-1"/>
      </memberdef>
      <memberdef kind="variable" id="dd/d29/namespaceproccommand-_dictionary_a78ef5de4d607cdcf5f42b1e8c73c70bc_1a78ef5de4d607cdcf5f42b1e8c73c70bc" prot="public" static="no" mutable="no">
        <type>dictionary</type>
        <definition>dictionary proccommand-Dictionary.editMenu</definition>
        <argsstring></argsstring>
        <name>editMenu</name>
        <initializer>= {	&apos;Undo&apos;							:	16		,
					&apos;Redo&apos;							:	17		,
					&apos;Cut&apos;							:	18		,
					&apos;Copy&apos;							:	19		,
					&apos;Paste&apos;							:	20		,
					&apos;Duplicate Object \ Figure&apos;		:	1568	}</initializer>
        <briefdescription>
        </briefdescription>
        <detaileddescription>
        </detaileddescription>
        <inbodydescription>
        </inbodydescription>
        <location file="C:/Users/habat/Desktop/Snippets_and_Devs_Engine_1.1/Runtime/Python/poserScripts/ScriptsMenu/proccommand-Dictionary.py" line="28" column="1" bodyfile="C:/Users/habat/Desktop/Snippets_and_Devs_Engine_1.1/Runtime/Python/poserScripts/ScriptsMenu/proccommand-Dictionary.py" bodystart="28" bodyend="-1"/>
      </memberdef>
      <memberdef kind="variable" id="dd/d29/namespaceproccommand-_dictionary_aa6c71d0bf3e0b10185a2881760ad06d1_1aa6c71d0bf3e0b10185a2881760ad06d1" prot="public" static="no" mutable="no">
        <type>dictionary</type>
        <definition>dictionary proccommand-Dictionary.restoreMenu</definition>
        <argsstring></argsstring>
        <name>restoreMenu</name>
        <initializer>= {	&apos;Restore Element&apos;				:	1036	,
					&apos;Restore All&apos;					:	1043	,
					&apos;Restore Lights&apos;				:	1106	,
					&apos;Restore Figure&apos;				:	1107	,
					&apos;Restore Camera&apos;				:	1275	}</initializer>
        <briefdescription>
        </briefdescription>
        <detaileddescription>
        </detaileddescription>
        <inbodydescription>
        </inbodydescription>
        <location file="C:/Users/habat/Desktop/Snippets_and_Devs_Engine_1.1/Runtime/Python/poserScripts/ScriptsMenu/proccommand-Dictionary.py" line="35" column="1" bodyfile="C:/Users/habat/Desktop/Snippets_and_Devs_Engine_1.1/Runtime/Python/poserScripts/ScriptsMenu/proccommand-Dictionary.py" bodystart="35" bodyend="-1"/>
      </memberdef>
      <memberdef kind="variable" id="dd/d29/namespaceproccommand-_dictionary_a2e9f80f289e1d68d20305be67d85e20d_1a2e9f80f289e1d68d20305be67d85e20d" prot="public" static="no" mutable="no">
        <type>dictionary</type>
        <definition>dictionary proccommand-Dictionary.memorizeMenu</definition>
        <argsstring></argsstring>
        <name>memorizeMenu</name>
        <initializer>= {	&apos;Memorize Element&apos;				:	1277	,
					&apos;Memorize Figure&apos;				:	1278	,
					&apos;Memorize Camera&apos;				:	1279	,
					&apos;Memorize Lights&apos;				:	1280	,
					&apos;Memorize All&apos;					:	1281	}</initializer>
        <briefdescription>
        </briefdescription>
        <detaileddescription>
        </detaileddescription>
        <inbodydescription>
        </inbodydescription>
        <location file="C:/Users/habat/Desktop/Snippets_and_Devs_Engine_1.1/Runtime/Python/poserScripts/ScriptsMenu/proccommand-Dictionary.py" line="41" column="1" bodyfile="C:/Users/habat/Desktop/Snippets_and_Devs_Engine_1.1/Runtime/Python/poserScripts/ScriptsMenu/proccommand-Dictionary.py" bodystart="41" bodyend="-1"/>
      </memberdef>
      <memberdef kind="variable" id="dd/d29/namespaceproccommand-_dictionary_a0388c27bb04561310b7566e9fe62ae27_1a0388c27bb04561310b7566e9fe62ae27" prot="public" static="no" mutable="no">
        <type>dictionary</type>
        <definition>dictionary proccommand-Dictionary.figureMenu</definition>
        <argsstring></argsstring>
        <name>figureMenu</name>
        <initializer>= {	&apos;Use Limits&apos;					:	1089	,
					&apos;Straighten Torso&apos;				:	1112	,
					&apos;Hide Figure&apos;					:	1133	,
					&apos;Show All Figures&apos;				:	1134	,
					&apos;Delete Figure&apos;					:	1135	,
					&apos;Height Adolescent&apos;				:	1148	,
					&apos;Height Ideal Adult&apos;			:	1149	,
					&apos;Height Fashion Model&apos;			:	1150	,
					&apos;Height Baby&apos;					:	1152	,
					&apos;Height Toddler&apos;				:	1153	,
					&apos;Height Child&apos;					:	1154	,
					&apos;Height Juvenile&apos;				:	1155	,
					&apos;Height Heroic Model&apos;			:	1156	,
					&apos;Drop To Floor&apos;					:	1205	,
					&apos;Genitalia&apos;						:	1370	,
					&apos;Auto Balance&apos;					:	1394	,
					&apos;Create Walk Path&apos;				:	1400	,
					&apos;Set Figure Parent&apos;				:	1402	,
					&apos;Lock Hand Parts&apos;				:	1442	,
					&apos;Conform To&apos;					:	1475	,
					&apos;Lock Figure&apos;					:	1492	,
					&apos;Create FBM&apos;					:	1484	}</initializer>
        <briefdescription>
        </briefdescription>
        <detaileddescription>
        </detaileddescription>
        <inbodydescription>
        </inbodydescription>
        <location file="C:/Users/habat/Desktop/Snippets_and_Devs_Engine_1.1/Runtime/Python/poserScripts/ScriptsMenu/proccommand-Dictionary.py" line="47" column="1" bodyfile="C:/Users/habat/Desktop/Snippets_and_Devs_Engine_1.1/Runtime/Python/poserScripts/ScriptsMenu/proccommand-Dictionary.py" bodystart="47" bodyend="-1"/>
      </memberdef>
      <memberdef kind="variable" id="dd/d29/namespaceproccommand-_dictionary_a5b176f6991aec685f5532dc5817d3d3b_1a5b176f6991aec685f5532dc5817d3d3b" prot="public" static="no" mutable="no">
        <type>dictionary</type>
        <definition>dictionary proccommand-Dictionary.mirrorMenu</definition>
        <argsstring></argsstring>
        <name>mirrorMenu</name>
        <initializer>= {	&apos;Left To Right&apos;					:	1074	,
					&apos;Right To Left&apos;					:	1075	,
					&apos;Right Arm to Left Arm&apos;			:	1108	,
					&apos;Left Arm to Right Arm&apos;			:	1110	,
					&apos;Left Leg to Right Leg&apos;			:	1111	,
					&apos;Swap Right and Left Arms&apos;		:	1371	,
					&apos;Swap Right and Left Legs&apos;		:	1372	,
					&apos;Swap Right and Left&apos;			:	1373	}</initializer>
        <briefdescription>
        </briefdescription>
        <detaileddescription>
        </detaileddescription>
        <inbodydescription>
        </inbodydescription>
        <location file="C:/Users/habat/Desktop/Snippets_and_Devs_Engine_1.1/Runtime/Python/poserScripts/ScriptsMenu/proccommand-Dictionary.py" line="70" column="1" bodyfile="C:/Users/habat/Desktop/Snippets_and_Devs_Engine_1.1/Runtime/Python/poserScripts/ScriptsMenu/proccommand-Dictionary.py" bodystart="70" bodyend="-1"/>
      </memberdef>
      <memberdef kind="variable" id="dd/d29/namespaceproccommand-_dictionary_a7123890469ebbddd582044f4d17a7ab8_1a7123890469ebbddd582044f4d17a7ab8" prot="public" static="no" mutable="no">
        <type>dictionary</type>
        <definition>dictionary proccommand-Dictionary.displayMenu</definition>
        <argsstring></argsstring>
        <name>displayMenu</name>
        <initializer>= {	&apos;Depth Cued&apos;					:	1044	,
					&apos;Show Background Picture&apos;		:	1051	,
					&apos;Paste onto Background&apos;			:	1052	, 
					&apos;Clear Background Picture&apos;		:	1053	,
					&apos;Bend Body Parts&apos;				:	1216	,
					&apos;Background Color&apos;				:	1269	,
					&apos;Foreground Color&apos;				:	1270	,
					&apos;Show Background Footage&apos;		:	1361	,
					&apos;Clear Background Footage&apos;		:	1362	,
					&apos;Ground Shadows&apos;				:	1406	,
					&apos;Figure Circle&apos;					:	1460	,
					&apos;Use Background Shader Node&apos;	:	1533	}</initializer>
        <briefdescription>
        </briefdescription>
        <detaileddescription>
        </detaileddescription>
        <inbodydescription>
        </inbodydescription>
        <location file="C:/Users/habat/Desktop/Snippets_and_Devs_Engine_1.1/Runtime/Python/poserScripts/ScriptsMenu/proccommand-Dictionary.py" line="79" column="1" bodyfile="C:/Users/habat/Desktop/Snippets_and_Devs_Engine_1.1/Runtime/Python/poserScripts/ScriptsMenu/proccommand-Dictionary.py" bodystart="79" bodyend="-1"/>
      </memberdef>
      <memberdef kind="variable" id="dd/d29/namespaceproccommand-_dictionary_a7f0b873ed4cb39cf62b04aaa7c5ebd30_1a7f0b873ed4cb39cf62b04aaa7c5ebd30" prot="public" static="no" mutable="no">
        <type>dictionary</type>
        <definition>dictionary proccommand-Dictionary.objectMenu</definition>
        <argsstring></argsstring>
        <name>objectMenu</name>
        <initializer>= {	&apos;Delete Object&apos;					:	1255	,
					&apos;Change Parent&apos;					:	1294	,
					&apos;Replace Body Part with prop&apos;	:	1304	,
					&apos;Object Properties&apos;				:	1378	,
					&apos;Create Magnet&apos;					:	1462	,
					&apos;Create Wave&apos;					:	1468	,
					&apos;Spawn Morph Target&apos;			:	1483	,
					&apos;Load Morph Target&apos;				:	1485	,
					&apos;Point At&apos;						:	1487	,
					&apos;Lock Actor&apos;					:	1497	}</initializer>
        <briefdescription>
        </briefdescription>
        <detaileddescription>
        </detaileddescription>
        <inbodydescription>
        </inbodydescription>
        <location file="C:/Users/habat/Desktop/Snippets_and_Devs_Engine_1.1/Runtime/Python/poserScripts/ScriptsMenu/proccommand-Dictionary.py" line="92" column="1" bodyfile="C:/Users/habat/Desktop/Snippets_and_Devs_Engine_1.1/Runtime/Python/poserScripts/ScriptsMenu/proccommand-Dictionary.py" bodystart="92" bodyend="-1"/>
      </memberdef>
      <memberdef kind="variable" id="dd/d29/namespaceproccommand-_dictionary_ac6921ea6e99e19addcc146b8343a55e1_1ac6921ea6e99e19addcc146b8343a55e1" prot="public" static="no" mutable="no">
        <type>dictionary</type>
        <definition>dictionary proccommand-Dictionary.lightMenu</definition>
        <argsstring></argsstring>
        <name>lightMenu</name>
        <initializer>= {	&apos;Create Spot Light&apos;				:	1479	,
					&apos;Create Infinite Light&apos;			:	1570	,
					&apos;Create Point Light&apos;			:	1571	,
					&apos;Create Diffuse IBL&apos;			:	1572	}</initializer>
        <briefdescription>
        </briefdescription>
        <detaileddescription>
        </detaileddescription>
        <inbodydescription>
        </inbodydescription>
        <location file="C:/Users/habat/Desktop/Snippets_and_Devs_Engine_1.1/Runtime/Python/poserScripts/ScriptsMenu/proccommand-Dictionary.py" line="103" column="1" bodyfile="C:/Users/habat/Desktop/Snippets_and_Devs_Engine_1.1/Runtime/Python/poserScripts/ScriptsMenu/proccommand-Dictionary.py" bodystart="103" bodyend="-1"/>
      </memberdef>
      <memberdef kind="variable" id="dd/d29/namespaceproccommand-_dictionary_af13db3fdc9fee4f524554e6d2fcbdadc_1af13db3fdc9fee4f524554e6d2fcbdadc" prot="public" static="no" mutable="no">
        <type>dictionary</type>
        <definition>dictionary proccommand-Dictionary.cameraMenu</definition>
        <argsstring></argsstring>
        <name>cameraMenu</name>
        <initializer>= {	&apos;Create Wind Force&apos;				:	1528	,
					&apos;Create Revolving Camera&apos;		:	1565	,
					&apos;Create Dolly Camera&apos;			:	1566	}</initializer>
        <briefdescription>
        </briefdescription>
        <detaileddescription>
        </detaileddescription>
        <inbodydescription>
        </inbodydescription>
        <location file="C:/Users/habat/Desktop/Snippets_and_Devs_Engine_1.1/Runtime/Python/poserScripts/ScriptsMenu/proccommand-Dictionary.py" line="108" column="1" bodyfile="C:/Users/habat/Desktop/Snippets_and_Devs_Engine_1.1/Runtime/Python/poserScripts/ScriptsMenu/proccommand-Dictionary.py" bodystart="108" bodyend="-1"/>
      </memberdef>
      <memberdef kind="variable" id="dd/d29/namespaceproccommand-_dictionary_aa58591e3e87470b489604ba4f2b733f2_1aa58591e3e87470b489604ba4f2b733f2" prot="public" static="no" mutable="no">
        <type>dictionary</type>
        <definition>dictionary proccommand-Dictionary.viewMenu</definition>
        <argsstring></argsstring>
        <name>viewMenu</name>
        <initializer>= {	&apos;Main Camera&apos;					:	1024	,
					&apos;From Front&apos;					:	1027	,
					&apos;From Top&apos;						:	1028	,
					&apos;From Right&apos;					:	1029	,
					&apos;From Left&apos;						:	1374	,
					&apos;Dolly Camera&apos;					:	1375	,
					&apos;Posing Camera&apos;					:	1376	,
					&apos;Left Hand Camera&apos;				:	1396	,
					&apos;Right Hand Camera&apos;				:	1397	,
					&apos;Face Camera&apos;					:	1398	,
					&apos;Fly Around&apos;					:	1399	,
					&apos;Aux Camera&apos;					:	1480	,
					&apos;From Bottom&apos;					:	1481	,
					&apos;From Back&apos;						:	1482	}</initializer>
        <briefdescription>
        </briefdescription>
        <detaileddescription>
        </detaileddescription>
        <inbodydescription>
        </inbodydescription>
        <location file="C:/Users/habat/Desktop/Snippets_and_Devs_Engine_1.1/Runtime/Python/poserScripts/ScriptsMenu/proccommand-Dictionary.py" line="112" column="1" bodyfile="C:/Users/habat/Desktop/Snippets_and_Devs_Engine_1.1/Runtime/Python/poserScripts/ScriptsMenu/proccommand-Dictionary.py" bodystart="112" bodyend="-1"/>
      </memberdef>
      <memberdef kind="variable" id="dd/d29/namespaceproccommand-_dictionary_a82de39646e40d9befa2fc1e1fccda00f_1a82de39646e40d9befa2fc1e1fccda00f" prot="public" static="no" mutable="no">
        <type>dictionary</type>
        <definition>dictionary proccommand-Dictionary.layoutMenu</definition>
        <argsstring></argsstring>
        <name>layoutMenu</name>
        <initializer>= {	&apos;Four Cameras&apos;					:	1062	,
					&apos;Show Camera Names&apos;				:	1519	}</initializer>
        <briefdescription>
        </briefdescription>
        <detaileddescription>
        </detaileddescription>
        <inbodydescription>
        </inbodydescription>
        <location file="C:/Users/habat/Desktop/Snippets_and_Devs_Engine_1.1/Runtime/Python/poserScripts/ScriptsMenu/proccommand-Dictionary.py" line="127" column="1" bodyfile="C:/Users/habat/Desktop/Snippets_and_Devs_Engine_1.1/Runtime/Python/poserScripts/ScriptsMenu/proccommand-Dictionary.py" bodystart="127" bodyend="-1"/>
      </memberdef>
      <memberdef kind="variable" id="dd/d29/namespaceproccommand-_dictionary_a7944dcdc08eb454e2a633b65f0173c66_1a7944dcdc08eb454e2a633b65f0173c66" prot="public" static="no" mutable="no">
        <type>dictionary</type>
        <definition>dictionary proccommand-Dictionary.documentStyle</definition>
        <argsstring></argsstring>
        <name>documentStyle</name>
        <initializer>= {	&apos;Wireframe&apos;						:	1030	,
					&apos;Outline&apos;						:	1040	,
					&apos;Silhouette&apos;					:	1041	,
					&apos;Hidden Line&apos;					:	1045	,
					&apos;Smooth Shaded&apos;					:	1083	,
					&apos;Lit Wireframe&apos;					:	1084	,
					&apos;Flat Shaded&apos;					:	1392	,
					&apos;Cartoon with Lines&apos;			:	1393	,
					&apos;Texture Shaded&apos;				:	1410	,
					&apos;Smooth Shaded Lined&apos;			:	1497	,
					&apos;Flat Shaded Lined&apos;				:	1499	,
					&apos;Cartoon&apos;						:	1501	}</initializer>
        <briefdescription>
        </briefdescription>
        <detaileddescription>
        </detaileddescription>
        <inbodydescription>
        </inbodydescription>
        <location file="C:/Users/habat/Desktop/Snippets_and_Devs_Engine_1.1/Runtime/Python/poserScripts/ScriptsMenu/proccommand-Dictionary.py" line="130" column="1" bodyfile="C:/Users/habat/Desktop/Snippets_and_Devs_Engine_1.1/Runtime/Python/poserScripts/ScriptsMenu/proccommand-Dictionary.py" bodystart="130" bodyend="-1"/>
      </memberdef>
      <memberdef kind="variable" id="dd/d29/namespaceproccommand-_dictionary_a530e84ceb00c3ab452d949960ccb1217_1a530e84ceb00c3ab452d949960ccb1217" prot="public" static="no" mutable="no">
        <type>dictionary</type>
        <definition>dictionary proccommand-Dictionary.objectStyle</definition>
        <argsstring></argsstring>
        <name>objectStyle</name>
        <initializer>= {	&apos;Texture Shaded&apos;				:	1409	,
					&apos;Wireframe&apos;						:	1421	,
					&apos;Outline&apos;						:	1422	,
					&apos;Silhouette&apos;					:	1423	,
					&apos;Hidden Line&apos;					:	1424	,
					&apos;Smooth Shaded&apos;					:	1425	,
					&apos;Lit Wireframe&apos;					:	1426	,
					&apos;Cartoon with Lines&apos;			:	1427	,
					&apos;Flat Shaded&apos;					:	1428	,
					&apos;Use Figure Style&apos;				:	1429 	,
					&apos;Flat Shaded Lined&apos;				:	1493	,
					&apos;Smooth Shaded Lined&apos;			:	1494	,
					&apos;Cartoon&apos;						:	1495	}</initializer>
        <briefdescription>
        </briefdescription>
        <detaileddescription>
        </detaileddescription>
        <inbodydescription>
        </inbodydescription>
        <location file="C:/Users/habat/Desktop/Snippets_and_Devs_Engine_1.1/Runtime/Python/poserScripts/ScriptsMenu/proccommand-Dictionary.py" line="143" column="1" bodyfile="C:/Users/habat/Desktop/Snippets_and_Devs_Engine_1.1/Runtime/Python/poserScripts/ScriptsMenu/proccommand-Dictionary.py" bodystart="143" bodyend="-1"/>
      </memberdef>
      <memberdef kind="variable" id="dd/d29/namespaceproccommand-_dictionary_a00604f7296cc98b389af5b98f2e9a196_1a00604f7296cc98b389af5b98f2e9a196" prot="public" static="no" mutable="no">
        <type>dictionary</type>
        <definition>dictionary proccommand-Dictionary.trackingMenu</definition>
        <argsstring></argsstring>
        <name>trackingMenu</name>
        <initializer>= {	&apos;Fast Tracking&apos;					:	1031	,
					&apos;Bounding Boxes Only&apos;			:	1092	,
					&apos;Full Tracking&apos;					:	1420	}</initializer>
        <briefdescription>
        </briefdescription>
        <detaileddescription>
        </detaileddescription>
        <inbodydescription>
        </inbodydescription>
        <location file="C:/Users/habat/Desktop/Snippets_and_Devs_Engine_1.1/Runtime/Python/poserScripts/ScriptsMenu/proccommand-Dictionary.py" line="157" column="1" bodyfile="C:/Users/habat/Desktop/Snippets_and_Devs_Engine_1.1/Runtime/Python/poserScripts/ScriptsMenu/proccommand-Dictionary.py" bodystart="157" bodyend="-1"/>
      </memberdef>
      <memberdef kind="variable" id="dd/d29/namespaceproccommand-_dictionary_a502a7599735f22306a3c49b77119aafa_1a502a7599735f22306a3c49b77119aafa" prot="public" static="no" mutable="no">
        <type>dictionary</type>
        <definition>dictionary proccommand-Dictionary.deformersMenu</definition>
        <argsstring></argsstring>
        <name>deformersMenu</name>
        <initializer>= {	&apos;Show All&apos;						:	1470	,
					&apos;Hide All&apos;						:	1471	,
					&apos;Show Current Selection only&apos;	:	1472	}</initializer>
        <briefdescription>
        </briefdescription>
        <detaileddescription>
        </detaileddescription>
        <inbodydescription>
        </inbodydescription>
        <location file="C:/Users/habat/Desktop/Snippets_and_Devs_Engine_1.1/Runtime/Python/poserScripts/ScriptsMenu/proccommand-Dictionary.py" line="161" column="1" bodyfile="C:/Users/habat/Desktop/Snippets_and_Devs_Engine_1.1/Runtime/Python/poserScripts/ScriptsMenu/proccommand-Dictionary.py" bodystart="161" bodyend="-1"/>
      </memberdef>
      <memberdef kind="variable" id="dd/d29/namespaceproccommand-_dictionary_ace61bfe17b1cab9365a6b367675b4e72_1ace61bfe17b1cab9365a6b367675b4e72" prot="public" static="no" mutable="no">
        <type>dictionary</type>
        <definition>dictionary proccommand-Dictionary.guidesMenu</definition>
        <argsstring></argsstring>
        <name>guidesMenu</name>
        <initializer>= {	&apos;Ground Plane&apos;					:	1047	,
					&apos;Head Lengths&apos;					:	1048	,
					&apos;Hip \ Shoulder Relationship&apos;	:	1049	,
					&apos;Vanishing Lines&apos; 				:	1050	,
					&apos;Horizon Line&apos;					:	1146	,
					&apos;Focus Distance Guide&apos;			:	1548	}</initializer>
        <briefdescription>
        </briefdescription>
        <detaileddescription>
        </detaileddescription>
        <inbodydescription>
        </inbodydescription>
        <location file="C:/Users/habat/Desktop/Snippets_and_Devs_Engine_1.1/Runtime/Python/poserScripts/ScriptsMenu/proccommand-Dictionary.py" line="165" column="1" bodyfile="C:/Users/habat/Desktop/Snippets_and_Devs_Engine_1.1/Runtime/Python/poserScripts/ScriptsMenu/proccommand-Dictionary.py" bodystart="165" bodyend="-1"/>
      </memberdef>
      <memberdef kind="variable" id="dd/d29/namespaceproccommand-_dictionary_a0dc4448509cde22a53447a77544f0e05_1a0dc4448509cde22a53447a77544f0e05" prot="public" static="no" mutable="no">
        <type>dictionary</type>
        <definition>dictionary proccommand-Dictionary.previewMenu</definition>
        <argsstring></argsstring>
        <name>previewMenu</name>
        <initializer>= {	&apos;OpenGL Hardware&apos;				:	1550	,
					&apos;Sreed Software&apos;				:	1551	}</initializer>
        <briefdescription>
        </briefdescription>
        <detaileddescription>
        </detaileddescription>
        <inbodydescription>
        </inbodydescription>
        <location file="C:/Users/habat/Desktop/Snippets_and_Devs_Engine_1.1/Runtime/Python/poserScripts/ScriptsMenu/proccommand-Dictionary.py" line="172" column="1" bodyfile="C:/Users/habat/Desktop/Snippets_and_Devs_Engine_1.1/Runtime/Python/poserScripts/ScriptsMenu/proccommand-Dictionary.py" bodystart="172" bodyend="-1"/>
      </memberdef>
      <memberdef kind="variable" id="dd/d29/namespaceproccommand-_dictionary_a7c37a6dfe558c7e65551eb59fb233ef5_1a7c37a6dfe558c7e65551eb59fb233ef5" prot="public" static="no" mutable="no">
        <type>dictionary</type>
        <definition>dictionary proccommand-Dictionary.cartoontonesMenu</definition>
        <argsstring></argsstring>
        <name>cartoontonesMenu</name>
        <initializer>= {	&apos;One Tone&apos;						:	1552	,
					&apos;Two Tones&apos;						:	1553	,
					&apos;Three Tones&apos;					:	1554	,
					&apos;Four Tones&apos;					:	1555	,
					&apos;Smooth Toned&apos;					:	1557	}</initializer>
        <briefdescription>
        </briefdescription>
        <detaileddescription>
        </detaileddescription>
        <inbodydescription>
        </inbodydescription>
        <location file="C:/Users/habat/Desktop/Snippets_and_Devs_Engine_1.1/Runtime/Python/poserScripts/ScriptsMenu/proccommand-Dictionary.py" line="175" column="1" bodyfile="C:/Users/habat/Desktop/Snippets_and_Devs_Engine_1.1/Runtime/Python/poserScripts/ScriptsMenu/proccommand-Dictionary.py" bodystart="175" bodyend="-1"/>
      </memberdef>
      <memberdef kind="variable" id="dd/d29/namespaceproccommand-_dictionary_abd2339ad88677e198ea422bc816e508b_1abd2339ad88677e198ea422bc816e508b" prot="public" static="no" mutable="no">
        <type>dictionary</type>
        <definition>dictionary proccommand-Dictionary.renderMenu</definition>
        <argsstring></argsstring>
        <name>renderMenu</name>
        <initializer>= {	&apos;Render Settings&apos;				:	1225	,
					&apos;Materials&apos;						:	1265	,
					&apos;Render&apos;						:	1267	,
					&apos;Make Movie&apos;					:	1312	,
					&apos;AntiAlias Document&apos;			:	1461	,
					&apos;Sketch Style Render&apos;			:	1466	,
					&apos;MotionBlur Document&apos;			:	1508	,
					&apos;Reload Textures&apos;				:	1559	,
					&apos;Reuse Shadow Maps&apos;				:	1560	,
					&apos;Clear Shadow Maps&apos;				:	1561	,
					&apos;Area Render&apos;					:	1562	,
					&apos;Render Dimensions&apos;				:	1563	}</initializer>
        <briefdescription>
        </briefdescription>
        <detaileddescription>
        </detaileddescription>
        <inbodydescription>
        </inbodydescription>
        <location file="C:/Users/habat/Desktop/Snippets_and_Devs_Engine_1.1/Runtime/Python/poserScripts/ScriptsMenu/proccommand-Dictionary.py" line="181" column="1" bodyfile="C:/Users/habat/Desktop/Snippets_and_Devs_Engine_1.1/Runtime/Python/poserScripts/ScriptsMenu/proccommand-Dictionary.py" bodystart="181" bodyend="-1"/>
      </memberdef>
      <memberdef kind="variable" id="dd/d29/namespaceproccommand-_dictionary_a2da7ab9a0d96b5e5f482cd7553dd28f4_1a2da7ab9a0d96b5e5f482cd7553dd28f4" prot="public" static="no" mutable="no">
        <type>dictionary</type>
        <definition>dictionary proccommand-Dictionary.dynamicsMenu</definition>
        <argsstring></argsstring>
        <name>dynamicsMenu</name>
        <initializer>= {	&apos;Recalculate All Cloth and Hair&apos;:	1535	,
					&apos;Recalculate All Cloth&apos;			:	1536	,
					&apos;Recalculate All Hair&apos;			:	1537	}</initializer>
        <briefdescription>
        </briefdescription>
        <detaileddescription>
        </detaileddescription>
        <inbodydescription>
        </inbodydescription>
        <location file="C:/Users/habat/Desktop/Snippets_and_Devs_Engine_1.1/Runtime/Python/poserScripts/ScriptsMenu/proccommand-Dictionary.py" line="194" column="1" bodyfile="C:/Users/habat/Desktop/Snippets_and_Devs_Engine_1.1/Runtime/Python/poserScripts/ScriptsMenu/proccommand-Dictionary.py" bodystart="194" bodyend="-1"/>
      </memberdef>
      <memberdef kind="variable" id="dd/d29/namespaceproccommand-_dictionary_a7a51e3f4df34c2a743ef34ece31fa4f9_1a7a51e3f4df34c2a743ef34ece31fa4f9" prot="public" static="no" mutable="no">
        <type>dictionary</type>
        <definition>dictionary proccommand-Dictionary.animationMenu</definition>
        <argsstring></argsstring>
        <name>animationMenu</name>
        <initializer>= {	&apos;Retime Animation&apos;				:	1380	,
					&apos;Loop Interpolation&apos;			:	1395	,
					&apos;Resample Key Frames&apos;			:	1404	,
					&apos;Quaternion Interpolation&apos;		:	1405	,
					&apos;Play Movie File&apos;				:	1407	,
					&apos;Mute Sound&apos;					:	1413	,
					&apos;Clear Sound&apos;					:	1414	,
					&apos;Skip Frames&apos;					:	1415	}</initializer>
        <briefdescription>
        </briefdescription>
        <detaileddescription>
        </detaileddescription>
        <inbodydescription>
        </inbodydescription>
        <location file="C:/Users/habat/Desktop/Snippets_and_Devs_Engine_1.1/Runtime/Python/poserScripts/ScriptsMenu/proccommand-Dictionary.py" line="198" column="1" bodyfile="C:/Users/habat/Desktop/Snippets_and_Devs_Engine_1.1/Runtime/Python/poserScripts/ScriptsMenu/proccommand-Dictionary.py" bodystart="198" bodyend="-1"/>
      </memberdef>
      <memberdef kind="variable" id="dd/d29/namespaceproccommand-_dictionary_a48a99d86f47e7432722036b5657140b5_1a48a99d86f47e7432722036b5657140b5" prot="public" static="no" mutable="no">
        <type>dictionary</type>
        <definition>dictionary proccommand-Dictionary.windowMenu</definition>
        <argsstring></argsstring>
        <name>windowMenu</name>
        <initializer>= {	&apos;Animation Palette&apos;				:	1176	,
					&apos;Parameter Dials&apos;				:	1178	,
					&apos;Libraries&apos;						:	1201	,
					&apos;Document Window Size&apos;			:	1204	,
					&apos;Editing Tools&apos;					:	1274	,
					&apos;Joint Editor&apos;					:	1387	,
					&apos;Walk Designer&apos;					:	1390	,
					&apos;Graph&apos;							:	1391	,
					&apos;Camera Controls&apos;				:	1416	,
					&apos;Light Controls&apos;				:	1417	,
					&apos;Memory Dots&apos;					:	1419	,
					&apos;Preview Styles&apos;				:	1418	,
					&apos;Animation Controls&apos;			:	1459	,
					&apos;Sketch Designer&apos;				:	1465	,
					&apos;Hierarchy Editor&apos;				:	1488	,
					&apos;Python Scripts&apos;				:	1509	,
					&apos;Room Help&apos;						:	1522	,
					&apos;Talk Designer&apos;					:	1569	,
					&apos;Quick Start&apos;					:	1573	,
					&apos;Project Guide&apos;					:	1574	,
					&apos;Recent Renders&apos;				:	1601	}</initializer>
        <briefdescription>
        </briefdescription>
        <detaileddescription>
        </detaileddescription>
        <inbodydescription>
        </inbodydescription>
        <location file="C:/Users/habat/Desktop/Snippets_and_Devs_Engine_1.1/Runtime/Python/poserScripts/ScriptsMenu/proccommand-Dictionary.py" line="207" column="1" bodyfile="C:/Users/habat/Desktop/Snippets_and_Devs_Engine_1.1/Runtime/Python/poserScripts/ScriptsMenu/proccommand-Dictionary.py" bodystart="207" bodyend="-1"/>
      </memberdef>
      <memberdef kind="variable" id="dd/d29/namespaceproccommand-_dictionary_aa42dc44b368b068ad0393054b066eff0_1aa42dc44b368b068ad0393054b066eff0" prot="public" static="no" mutable="no">
        <type>dictionary</type>
        <definition>dictionary proccommand-Dictionary.materialroomMenu</definition>
        <argsstring></argsstring>
        <name>materialroomMenu</name>
        <initializer>= {	&apos;Material Palette&apos;				:	1583	}</initializer>
        <briefdescription>
        </briefdescription>
        <detaileddescription>
        </detaileddescription>
        <inbodydescription>
        </inbodydescription>
        <location file="C:/Users/habat/Desktop/Snippets_and_Devs_Engine_1.1/Runtime/Python/poserScripts/ScriptsMenu/proccommand-Dictionary.py" line="229" column="1" bodyfile="C:/Users/habat/Desktop/Snippets_and_Devs_Engine_1.1/Runtime/Python/poserScripts/ScriptsMenu/proccommand-Dictionary.py" bodystart="229" bodyend="-1"/>
      </memberdef>
      <memberdef kind="variable" id="dd/d29/namespaceproccommand-_dictionary_a780861dba18497123e5ab2e7b5b2b19a_1a780861dba18497123e5ab2e7b5b2b19a" prot="public" static="no" mutable="no">
        <type>dictionary</type>
        <definition>dictionary proccommand-Dictionary.faceroomMenu</definition>
        <argsstring></argsstring>
        <name>faceroomMenu</name>
        <initializer>= {	&apos;Face Preview&apos;					:	1584	,
					&apos;Photo Lineup&apos;					:	1585	,
					&apos;Texture Preview&apos;				:	1586	,
					&apos;Face Texture Tool&apos;				:	1587	,
					&apos;Face Shaping Tool&apos;				:	1588	}</initializer>
        <briefdescription>
        </briefdescription>
        <detaileddescription>
        </detaileddescription>
        <inbodydescription>
        </inbodydescription>
        <location file="C:/Users/habat/Desktop/Snippets_and_Devs_Engine_1.1/Runtime/Python/poserScripts/ScriptsMenu/proccommand-Dictionary.py" line="231" column="1" bodyfile="C:/Users/habat/Desktop/Snippets_and_Devs_Engine_1.1/Runtime/Python/poserScripts/ScriptsMenu/proccommand-Dictionary.py" bodystart="231" bodyend="-1"/>
      </memberdef>
      <memberdef kind="variable" id="dd/d29/namespaceproccommand-_dictionary_a9ca65bcc4f8e114998453d63950e6cfa_1a9ca65bcc4f8e114998453d63950e6cfa" prot="public" static="no" mutable="no">
        <type>dictionary</type>
        <definition>dictionary proccommand-Dictionary.hairRoomMenu</definition>
        <argsstring></argsstring>
        <name>hairRoomMenu</name>
        <initializer>= {	&apos;Hair Growth Groups&apos;			:	1589	,
					&apos;Growth Controls&apos;				:	1590	,
					&apos;Styling Controls&apos;				:	1591	,
					&apos;Dynamics Controls&apos;				:	1592	}</initializer>
        <briefdescription>
        </briefdescription>
        <detaileddescription>
        </detaileddescription>
        <inbodydescription>
        </inbodydescription>
        <location file="C:/Users/habat/Desktop/Snippets_and_Devs_Engine_1.1/Runtime/Python/poserScripts/ScriptsMenu/proccommand-Dictionary.py" line="237" column="1" bodyfile="C:/Users/habat/Desktop/Snippets_and_Devs_Engine_1.1/Runtime/Python/poserScripts/ScriptsMenu/proccommand-Dictionary.py" bodystart="237" bodyend="-1"/>
      </memberdef>
      <memberdef kind="variable" id="dd/d29/namespaceproccommand-_dictionary_a19d5d3d1dbfc2ae6ca3f5786f0d25a43_1a19d5d3d1dbfc2ae6ca3f5786f0d25a43" prot="public" static="no" mutable="no">
        <type>dictionary</type>
        <definition>dictionary proccommand-Dictionary.clothroomMenu</definition>
        <argsstring></argsstring>
        <name>clothroomMenu</name>
        <initializer>= {	&apos;Cloth Simulation&apos;				:	1593	,
					&apos;Cloth&apos;							:	1594	,
					&apos;Cloth Groups&apos;					:	1595	,
					&apos;Dynamics Controls&apos;				:	1596	}</initializer>
        <briefdescription>
        </briefdescription>
        <detaileddescription>
        </detaileddescription>
        <inbodydescription>
        </inbodydescription>
        <location file="C:/Users/habat/Desktop/Snippets_and_Devs_Engine_1.1/Runtime/Python/poserScripts/ScriptsMenu/proccommand-Dictionary.py" line="242" column="1" bodyfile="C:/Users/habat/Desktop/Snippets_and_Devs_Engine_1.1/Runtime/Python/poserScripts/ScriptsMenu/proccommand-Dictionary.py" bodystart="242" bodyend="-1"/>
      </memberdef>
      <memberdef kind="variable" id="dd/d29/namespaceproccommand-_dictionary_a4a99d11872485c94d7e53e8efce25ca6_1a4a99d11872485c94d7e53e8efce25ca6" prot="public" static="no" mutable="no">
        <type>dictionary</type>
        <definition>dictionary proccommand-Dictionary.scriptsMenu</definition>
        <argsstring></argsstring>
        <name>scriptsMenu</name>
        <initializer>= {	&apos;Personalise&apos;					:	59996	,
					&apos;Poser Reference Manual&apos;		:	59997	,
					&apos;poser Tutorial Manual&apos;			:	59998	,
					&apos;Poser Python manual&apos;			:	59999	,
					&apos;About Poser&apos;					:	5014	,
	
}</initializer>
        <briefdescription>
        </briefdescription>
        <detaileddescription>
        </detaileddescription>
        <inbodydescription>
        </inbodydescription>
        <location file="C:/Users/habat/Desktop/Snippets_and_Devs_Engine_1.1/Runtime/Python/poserScripts/ScriptsMenu/proccommand-Dictionary.py" line="247" column="1" bodyfile="C:/Users/habat/Desktop/Snippets_and_Devs_Engine_1.1/Runtime/Python/poserScripts/ScriptsMenu/proccommand-Dictionary.py" bodystart="247" bodyend="-1"/>
      </memberdef>
      </sectiondef>
    <briefdescription>
    </briefdescription>
    <detaileddescription>
    </detaileddescription>
    <location file="C:/Users/habat/Desktop/Snippets_and_Devs_Engine_1.1/Runtime/Python/poserScripts/ScriptsMenu/proccommand-Dictionary.py" line="1" column="1"/>
  </compounddef>
</doxygen>
